Numero,Tópico,Enunciado de la Pregunta,Alt. A,Alt. B,Alt. C,Alt. D,Respuesta,Justificación Técnica
1,Normativa General,¿Qué decreto supremo aprueba el Reglamento de Seguridad de las Instalaciones de Consumo de Energía Eléctrica?,Decreto 92,Decreto 8,Decreto 109,Decreto 327,B,Los pliegos RIC tienen como fuente reglamentaria el Decreto N°8 de 2019 del Ministerio de Energía.
2,Normativa General,¿Cuántos pliegos técnicos normativos componen el nuevo reglamento?,15 pliegos,18 pliegos,19 pliegos,21 pliegos,C,El cuerpo normativo completo está compuesto por 19 pliegos técnicos que regulan desde empalmes hasta proyectos.
3,Decreto 8,"Según el Artículo 10° del Decreto 8, ¿quién es el responsable de mantener la instalación en buen estado?",El instalador,La empresa eléctrica,El propietario,La SEC,C,El Reglamento establece que la conservación y buen estado de las instalaciones de consumo son responsabilidad de sus propietarios.
4,Decreto 8,¿Cuál es el límite de tensión de las instalaciones de consumo reguladas por el Decreto 8?,Hasta 380 V,Hasta 600 V,Hasta 1000 V,Sin límite,C,"El reglamento aplica a instalaciones de consumo en baja tensión, que se define hasta los 1.000 V."
5,Organismos,¿Qué organismo fiscaliza el cumplimiento de los pliegos técnicos RIC?,CNE,Min. Energía,SEC,Municipios,C,La Superintendencia de Electricidad y Combustibles (SEC) es el organismo dictante y fiscalizador.
6,RIC 10: Uso General,¿Qué altura de montaje establece el RIC 10 para los interruptores?,"0,50 a 1,20 m","0,80 a 1,40 m","1,00 a 1,50 m","1,40 a 2,00 m",B,"Los dispositivos de comando de alumbrado deben situarse a una altura medida desde el suelo entre 0,80 m y 1,40 m."
7,RIC 10: Uso General,"¿Está permitido el alambrado ""de centro a centro"" sin cajas de derivación?","Sí, en alumbrado","No, está prohibido",Solo en oficinas,"Solo cable 1,5mm²",B,Las uniones y derivaciones deben realizarse siempre dentro de cajas; el alambrado directo entre centros sin caja está prohibido.
8,RIC 10: Uso General,¿Cuántos circuitos mínimos requiere una vivienda de menos de 30 m²?,1 circuito,2 circuitos,3 circuitos,4 circuitos,B,El RIC 10 exige al menos dos circuitos para viviendas pequeñas para asegurar continuidad de servicio mínima.
9,RIC 10: Uso General,¿Cuál es la potencia unitaria por enchufe hembra para el cálculo de carga?,150 W,200 W,250 W,400 W,C,"Para efectos de cálculo, cada enchufe hembra en circuitos de uso general se computará con 250 W."
10,RIC 10: Uso General,¿Qué sensibilidad máxima debe tener el diferencial para protección de personas?,10 mA,30 mA,100 mA,300 mA,B,"Para protección contra contactos indirectos de personas, la sensibilidad asignada no debe ser superior a 30 mA."
11,RIC 10: Uso General,¿Cuántos circuitos derivados se pueden conectar como máximo a un solo diferencial?,1 circuito,2 circuitos,3 circuitos,5 circuitos,C,"Para evitar disparos intempestivos por corrientes de fuga acumuladas, se limita a 3 circuitos por protección diferencial."
12,RIC 10: Uso General,¿Qué curva de disparo se recomienda para circuitos de iluminación?,Curva B,Curva C,Curva D,Curva Z,A,"La curva B se recomienda para cargas resistivas o con bajas corrientes de inserción, como la iluminación general."
13,RIC 10: Uso General,¿Qué curva de disparo se recomienda para circuitos de enchufes de uso general?,Curva B,Curva C,Curva D,Curva MA,B,La curva C es la estándar para circuitos de enchufes que pueden alimentar cargas con consumos de partida moderados.
14,RIC 10: Uso General,¿En qué lugares está prohibido instalar tableros eléctricos según el RIC 10?,Pasillos,Cocinas,Baños y dormitorios,Logias,C,"El RIC 10 prohíbe explícitamente la ubicación de tableros en dormitorios, baños y lugares de difícil acceso."
15,RIC 18: Proyectos,¿A partir de qué potencia declarada es obligatoria la memoria explicativa?,5 kW,10 kW,20 kW,50 kW,B,"Según el punto 6.2.1.1 del RIC 18, es obligatoria para proyectos con potencia declarada superior a 10 kW."
16,RIC 04: Conductores,¿Qué sección mínima de conductor de cobre se exige para enchufes?,"1,5 mm²","2,5 mm²","4,0 mm²","6,0 mm²",B,"El RIC 04 y RIC 10 establecen que la sección mínima para circuitos de enchufes debe ser de 2,5 mm² de cobre."
17,RIC 11: Especiales,¿Cómo se denomina el volumen interior de una bañera o ducha?,Volumen 0,Volumen 1,Volumen 2,Volumen 3,A,El Volumen 0 comprende el interior de la bañera o el receptáculo de la ducha.
18,RIC 11: Especiales,¿Hasta qué altura llega el Volumen 1 sobre el nivel del suelo en un baño?,"1,80 m","2,00 m","2,25 m","3,00 m",C,"El Volumen 1 está limitado horizontalmente por el volumen 0 y verticalmente hasta 2,25 m sobre el suelo."
19,RIC 03: Alimentadores,¿Qué sección mínima debe tener el alimentador de una vivienda?,"1,5 mm²","2,5 mm²","4,0 mm²","6,0 mm²",C,"El RIC 03 establece que la sección mínima permisible para conductores de un alimentador es de 4,0 mm²."
20,RIC 02: Tableros,¿Qué porcentaje de reserva deben tener los tableros nuevos?,10%,20%,25%,50%,C,Los tableros deben proyectarse con una reserva de espacio libre del 25% para futuras ampliaciones.
21,RIC 10: Protecciones,¿Qué curva de disparo se utiliza específicamente para la protección de motores (guardamotores)?,Curva B,Curva C,Curva Z,Curva MA,D,"Según el RIC 10, las protecciones magnéticas puras (Curva MA) se utilizan para protección de cortocircuitos en motores."
22,RIC 10: Enchufes,¿Qué tipo de alvéolo deben tener obligatoriamente los enchufes hembra para seguridad?,Alvéolo abierto,Alvéolo protegido,Alvéolo cerámico,Alvéolo de madera,B,"Los enchufes hembra deben contar con alvéolos protegidos (shutter) para evitar contactos accidentales, especialmente por niños."
23,RIC 10: Enchufes,¿La capacidad nominal de corriente del módulo de enchufe puede ser inferior a la de su protección?,"Sí, un 10%","No, no debe ser inferior",Solo en baños,Solo en dormitorios,B,El RIC 10 establece que la capacidad de los módulos de enchufe debe ser al menos igual a la capacidad nominal de la protección del circuito.
24,RIC 10: Iluminación,¿Qué elemento es obligatorio para todos los centros de iluminación según el RIC 10?,Sensores de humo,Conductor de tierra,Lámparas LED,Interruptor tirador,B,Todo centro de iluminación debe contar con un conductor de puesta a tierra de protección para las partes metálicas de la luminaria.
25,RIC 10: Instalación,¿Cuál es la altura mínima permitida para un interruptor con señal luminosa en un pasillo?,"0,60 m","0,80 m","1,00 m","1,40 m",B,"La altura de montaje de los dispositivos de comando (interruptores) debe situarse en un rango de 0,80 m a 1,40 m sobre el suelo."
26,RIC 10: Cajas,"¿Cuántos conductores de 8,37 mm² (8 AWG) caben máximo en una caja de derivación de 400 cm³?",5 conductores,8 conductores,10 conductores,12 conductores,D,"Según la Tabla N°10.4 del RIC 10, para una caja de 400 cm³, el número máximo de conductores de esa sección es 12."
27,RIC 10: Cajas,¿Cuántos puntos de entrada de tuberías se permiten como máximo en cajas de derivación comunes?,3 entradas,5 entradas,8 entradas,12 entradas,B,El RIC 10 limita a un máximo de 5 entradas de tuberías en cajas de derivación comunes para mantener la integridad estructural.
28,RIC 10: Iluminación,¿Está permitido el uso del propio conductor eléctrico como soporte mecánico de luminarias?,"Sí, si es liviana","No, está prohibido",Solo en exteriores,Solo en bodegas,B,Las luminarias deben tener un soporte mecánico independiente; queda prohibido que el conductor soporte el peso de la lámpara.
29,RIC 10: Tableros,¿En qué lugares está prohibido explícitamente instalar tableros eléctricos?,Pasillos,Cocinas,Baños y dormitorios,Logias,C,"El RIC 10 prohíbe la instalación de tableros en dormitorios, baños, lavaderos y lugares de difícil acceso."
30,RIC 18: Proyectos,¿Cómo se denomina el documento que describe y justifica técnicamente todas las soluciones de diseño?,Planos,Memoria explicativa,Cuadro de cargas,Informe imágenes,B,La memoria explicativa es el documento técnico que justifica el diseño y cálculos de la instalación según el RIC 18.
31,RIC 18: Proyectos,¿A partir de qué potencia declarada es obligatoria la presentación de la memoria explicativa?,5 kW,10 kW,20 kW,50 kW,B,"Según el RIC 18, para proyectos con potencia superior a 10 kW es obligatoria la inclusión de una memoria explicativa."
32,RIC 18: Proyectos,¿Sobre qué potencia se exigen obligatoriamente estudios de coordinación de protecciones?,10 kW,15 kW,20 kW,30 kW,C,El RIC 18 exige estudios de coordinación para instalaciones con potencia declarada igual o superior a 20 kW.
33,RIC 18: Formatos,¿Cuál es el formato digital obligatorio para la presentación de los planos ante la SEC?,PDF,JPG,DWG o equivalente,DOCX,C,La presentación digital de los planos de proyectos debe realizarse en formato DWG o un estándar CAD equivalente.
34,RIC 18: Planos,¿Qué escala debe utilizarse preferentemente para los planos de arquitectura eléctrica?,1:20,1:50,2:40,4:20,B,El RIC 18 establece la escala 1:50 como la preferente para la representación de plantas de instalaciones eléctricas.
35,RIC 18: Planos,¿Qué representa fundamentalmente un diagrama unilineal en un proyecto eléctrico?,La fachada,La interconexión del sistema,El plano de patio,Las tuberías de gas,B,El diagrama unilineal representa de forma simplificada la interconexión de alimentadores y protecciones del sistema.
36,RIC 18: Inspección,¿Qué debe mostrar obligatoriamente el informe de imágenes respecto a la puesta a tierra?,Solo el cable,Profundidad y medidas,Marca del cemento,Foto del dueño,B,"El informe de imágenes debe documentar el proceso constructivo, incluyendo dimensiones y profundidad de la malla de tierra."
37,RIC 18: Documentación,"¿Qué documento resume la información técnica, potencia y ubicación de cada circuito?",Memoria,Cuadro de cargas,Croquis,Diagrama lógico,B,"El cuadro de cargas resume los datos técnicos de consumo, fases y protecciones por cada circuito derivado."
38,RIC 10: Conductores,¿Qué sección mínima de conductor de cobre se exige para circuitos de enchufes?,"1,5 mm²","2,5 mm²","4,0 mm²","6,0 mm²",B,"El RIC 10 y el RIC 04 establecen 2,5 mm² como la sección mínima para conductores en circuitos de enchufes."
39,RIC 10: Conductores,¿Qué sección mínima de conductor de cobre se exige para circuitos de iluminación?,"0,75 mm²","1,0 mm²","1,5 mm²","2,5 mm²",C,"La sección mínima permisible para circuitos de alumbrado (iluminación) es de 1,5 mm²."
40,RIC 10: Instalación,¿Qué distancia mínima debe haber entre un enchufe y una grifería (llave de agua)?,30 cm,45 cm,60 cm,100 cm,C,Los enchufes deben instalarse a una distancia mínima lateral de 60 cm respecto a puntos de agua o griferías.
41,RIC 11: Especiales,¿Cómo se denomina el volumen interior de una bañera o receptáculo de ducha?,Volumen 0,Volumen 1,Volumen 2,Volumen 3,A,El Volumen 0 comprende específicamente el interior de la bañera o el receptáculo de la ducha según el punto 6.4.1.1 del RIC 11.
42,RIC 11: Especiales,¿Hasta qué altura llega el Volumen 1 sobre el nivel del suelo terminado en un baño?,"1,80 m","2,00 m","2,25 m","3,00 m",C,"El Volumen 1 está limitado por el nivel del suelo y el plano horizontal situado a 2,25 m de altura."
43,RIC 11: Especiales,¿Qué distancia lateral comprende el Volumen 2 medido desde el borde del Volumen 1?,30 cm,60 cm,90 cm,240 cm,B,"El Volumen 2 está limitado lateralmente por una superficie vertical situada a 0,60 m del borde del Volumen 1."
44,RIC 10: General,¿Qué grado de protección (IP) mínimo deben tener los equipos instalados a la intemperie?,IP20,IP41,A prueba de lluvia y polvo,IP68,C,El RIC 10 exige que todo equipo al exterior sea a prueba de lluvia y entrada de polvo para garantizar la seguridad.
45,RIC 10: Fuerza,¿A qué porcentaje de su corriente a plena carga se deben dimensionar los conductores de un motor?,100%,110%,125%,150%,C,"Según los criterios del RIC 10 para instalaciones de fuerza, los conductores que alimentan un solo motor deben tener una capacidad de al menos el 125% de su corriente nominal."
46,RIC 10: Fuerza,¿Qué sección mínima de conductor requiere la alimentación de un motor fijo mayor a 3 HP?,"1,5 mm²","2,5 mm²","4,0 mm²",10 mm²,B,"Para motores de potencias superiores a 3 HP, se exige una sección mínima de 2,5 mm² para asegurar la resistencia mecánica y eléctrica."
47,RIC 10: Fuerza,¿Qué requisito de instalación es crítico para los motores eléctricos respecto a su enfriamiento?,Estar tapados,Ventilación adecuada,Sin espacio libre,Estar al sol,B,El RIC 10 establece que los motores deben instalarse de modo que tengan una ventilación suficiente para disipar el calor generado.
48,RIC 06: Tierra,¿Qué instrumento se utiliza reglamentariamente para medir la resistencia de puesta a tierra?,Amperímetro,Telurómetro,Voltímetro,Óhmetro simple,B,El telurómetro es el instrumento específico para la medición de la resistencia de los sistemas de puesta a tierra.
49,Normativa General,¿Qué instrumento se utiliza para verificar la resistencia de aislamiento de una instalación?,Telurómetro,Megóhmetro,Tester común,Wattmetro,B,La resistencia de aislamiento debe medirse con un megóhmetro (u óhmetro de alta tensión) aplicando la tensión de ensayo correspondiente.
50,RIC 10: General,¿Cuál es el valor mínimo de resistencia de aislamiento permitido para circuitos de 220 V?,"0,25 MΩ","0,50 MΩ","1,0 MΩ","2,0 MΩ",B,"Para tensiones de servicio de hasta 500 V (incluyendo 220V), la resistencia mínima de aislamiento debe ser de 0,5 MΩ."
51,RIC 19: Inspección,¿Cuándo debe realizarse obligatoriamente la verificación inicial de una instalación?,Un año después,Antes de energizar,Solo ante fallas,Mensualmente,B,"La verificación inicial, que incluye pruebas y ensayos, debe realizarse antes de la puesta en servicio de la instalación."
52,RIC 18: Proyectos,¿Qué documento garantiza que los instrumentos de medida están correctamente ajustados?,Boleta de compra,Certificado de calibración,Manual de uso,Foto del equipo,B,Todo instrumento de medida utilizado en las verificaciones debe contar con un certificado de calibración vigente emitido por una entidad competente.
53,RIC 10: Cocinas,¿Cuál es la potencia mínima que se debe proyectar para un circuito exclusivo de horno eléctrico?,500 W,1000 W,1500 W,3000 W,C,"El RIC 10 establece que para efectos de diseño, un circuito de horno eléctrico se computará con una potencia mínima de 1.500 W."
54,RIC 10: Protecciones,¿Cuál es la capacidad mínima de la protección termomagnética para un circuito de cocina o lavadero?,10 A,16 A,20 A,25 A,B,La normativa exige que las protecciones para circuitos de cocina y lavadero sean de al menos 16 A debido a la carga de los artefactos.
55,RIC 01: Empalmes,¿Cuál es la capacidad mínima de la protección del empalme para una vivienda nueva?,10 A,16 A,20 A,25 A,D,"Según el estándar de empalmes y el RIC 10, la protección mínima permitida para una vivienda es de 25 A para asegurar el suministro básico."
56,RIC 03: Alimentadores,¿Qué sección mínima de conductor de cobre se exige para el alimentador de una vivienda?,"1,5 mm²","2,5 mm²","4,0 mm²","6,0 mm²",C,"El RIC 03 prohíbe el uso de conductores de sección inferior a 4,0 mm² para alimentadores en instalaciones de consumo."
57,RIC 03: Demanda,"¿Cuál es el propósito técnico de aplicar el ""Factor de Demanda"" en un proyecto?",Aumentar costos,Dimensionar sin excesos,Bajar el voltaje,Usar menos tierra,B,"El factor de demanda permite dimensionar los conductores y protecciones de forma eficiente, evitando sobredimensionamientos innecesarios basándose en el uso simultáneo probable."
58,RIC 03: Demanda,¿Qué factor de demanda se debe aplicar a los primeros 3.000 W de carga en una vivienda?,"0,25","0,35","0,5",1,D,"Según la tabla de factores de demanda del RIC 03, los primeros 3 kW se consideran siempre al 100% (factor 1,00)."
59,RIC 03: Demanda,"¿Qué factor de demanda se aplica reglamentariamente a los ""Servicios Comunes"" de un edificio?","0,5","0,8","0,9",1,D,"Las cargas de servicios comunes en edificios (ascensores, bombas, iluminación de escala) se calculan con un factor de demanda de 1,00."
60,RIC 02: Tableros,¿Cómo debe ser obligatoriamente la rotulación de los dispositivos en un tablero eléctrico?,Con lápiz pasta,"Visible, legible e indeleble",Solo interna,Solo en inglés,B,"Toda la rotulación de tableros, incluyendo circuitos y componentes, debe ser claramente visible, fácil de leer y resistente al borrado."
61,RIC 10: General,¿Qué es un interruptor combinado según la definición de los centros de consumo?,Uno de dos efectos,Integra interruptor y enchufe en uno,Uno con wifi,Uno industrial,B,El RIC 10 permite y define configuraciones de centros donde se integran funciones de comando y toma de corriente en un mismo módulo.
62,RIC 10: Protecciones,¿Qué requisito fundamental exige el punto 5.1.4.2 del RIC 10 para el diseño de tableros?,Usar solo cobre,Asegurar selectividad y coordinación,No usar diferenciales,Pintar los tubos,B,El punto 5.1.4.2 del RIC 10 establece que las protecciones deben coordinarse para asegurar la selectividad de la instalación.
63,RIC 10: Protecciones,"¿Qué indica el concepto técnico de ""Selectividad"" en una instalación?",Elegir la marca,Que opere la protección más cercana a falla,Cortar todo el edificio,No usar automáticos,B,"La selectividad garantiza que ante una falla, solo actúe el dispositivo inmediatamente aguas arriba, minimizando la pérdida de servicio."
64,RIC 10: Cajas,¿Qué longitud mínima deben tener los conductores (chicotes) dentro de las cajas de derivación?,5 cm,10 cm,15 cm,30 cm,C,El RIC 10 exige que los conductores dejen un chicote de al menos 15 cm para permitir conexiones y mantenimiento futuro.
65,RIC 10: Cajas,¿Qué porcentaje de volumen libre debe quedar en una caja de derivación tras el alambrado?,10%,20%,25%,50%,C,"Para evitar el hacinamiento y daño de conductores, las cajas deben proyectarse con un margen de espacio libre del 25%."
66,RIC 10: Seguridad,¿A qué distancia mínima deben estar las canalizaciones eléctricas de las tuberías de gas?,"0,2 m","0,3 m","0,5 m","0,6 m",D,"El punto 5.1.2.5 del RIC 10 establece una distancia mínima de seguridad de 0,60 m respecto a canalizaciones de otros servicios como el gas."
67,RIC 02/10: Tableros,¿Qué tipo de corte deben realizar obligatoriamente los interruptores generales de distribución?,Unipolar,Bipolar,Omnipolar,Solo tierra,C,Los interruptores generales deben desconectar simultáneamente todos los conductores activos (fases y neutro) de la instalación.
68,RIC 10: Emergencia,¿A qué altura mínima sobre el suelo se deben montar las luminarias de seguridad?,"1,5 m","1,8 m","2,0 m","2,5 m",C,Las luminarias de alumbrado de emergencia deben situarse a una altura mínima de 2 metros para garantizar visibilidad y cobertura.
69,RIC 10: Emergencia,¿Qué iluminancia mínima (lux) se exige para las vías de evacuación a nivel de suelo?,1 lux,5 lux,10 lux,50 lux,A,"Según el Anexo 10.1 del RIC 10, las vías de evacuación deben contar con al menos 1 lux en su eje central para permitir el tránsito seguro."
70,RIC 10: Alumbrado,"Según el RIC 10, ¿cuántos centros de luz requiere como mínimo un recinto de más de 10 m²?",1 centro,2 centros,3 centros,4 centros,B,La normativa exige una dotación mínima de puntos de alumbrado según la superficie del recinto para asegurar niveles básicos.
71,RIC 04: Conductores,¿Qué tipo de conductores son obligatorios en lugares de reunión de personas?,PVC común,Libres de halógenos y baja toxicidad,Desnudos,Alambre dulce,B,"En lugares con alta concentración de público, el RIC 04 exige cables tipo LSZH (como el RZ1-K) para evitar gases tóxicos en incendios."
72,RIC 18: Proyectos,¿Qué información fundamental debe contener la cubicación de materiales en un proyecto?,El precio unitario,Cantidades totales de equipos y accesorios,El peso de la carga,La marca de cables,B,El RIC 18 establece que la cubicación debe detallar las cantidades exactas de todos los elementos que componen la instalación.
73,RIC 01: Empalmes,¿Cuál es el radio máximo desde la puerta principal para ubicar la caja de empalme?,5 m,10 m,15 m,20 m,C,El Anexo 1.1 del RIC 01 fija un radio de 15 metros desde el acceso principal para la ubicación reglamentaria del empalme.
74,RIC 01: Empalmes,¿Cuál es la altura máxima permitida para el borde superior de una caja de medidor?,"1,80 m","2,00 m","2,10 m","2,50 m",C,"La altura de montaje está limitada a 2,10 metros para asegurar el acceso fácil a la lectura y operación del dispositivo."
75,RIC 04: Instalación,"¿Qué significa técnicamente que una canalización sea ""embutida""?",Que va por fuera,Colocada en calados y recubierta,Que va al aire,Que es metálica,B,Las canalizaciones embutidas son aquellas que requieren la ejecución de ranuras o calados en muros o losas para su alojamiento.
76,RIC 04: Capacidad,"Según el método de instalación A1, ¿cuánta corriente soporta un cable de 2,5 mm²?",10 A,16 A,18 A,25 A,C,"De acuerdo con la Tabla 4.4 del RIC 04, la capacidad de transporte para 2,5 mm² en ducto (A1) es de 18 A."
77,RIC 19: Ensayos,¿Cuál es el tiempo reglamentario de aplicación de tensión para medir la resistencia de aislamiento?,30 s,1 min,5 min,10 min,B,El ensayo de aislamiento requiere la aplicación de la tensión de prueba durante 1 minuto para estabilizar la lectura del equipo.
78,RIC 10/19: Ensayos,¿Qué prueba se debe verificar primero antes de proceder con el ensayo de aislamiento?,Tensión,Continuidad de tierra,Polaridad,Funcionalidad,B,"Por seguridad, es crítico verificar la continuidad del conductor de protección antes de realizar cualquier otra prueba con tensión."
79,RIC 10: Alumbrado,¿Qué iluminancia mínima requiere un espacio de oficina destinado al tratamiento de datos?,100 lux,300 lux,500 lux,1000 lux,C,El Anexo 10.1 del RIC 10 exige un mínimo de 500 lux para tareas de oficina como escritura y lectura de datos.
80,RIC 11: Especiales,¿A qué altura mínima se deben instalar los enchufes en jardines infantiles o salas cuna?,"0,80 m","1,20 m","1,50 m","1,80 m",C,"Para evitar el alcance accidental de niños, los enchufes en recintos educacionales infantiles deben situarse a 1,50 metros de altura."
81,RIC 10: Protecciones,¿Cuántos circuitos derivados se permiten máximo por cada protector diferencial?,1 circuito,2 circuitos,3 circuitos,4 circuitos,C,El RIC 10 limita a un máximo de 3 circuitos por diferencial para evitar disparos intempestivos por corrientes de fuga acumuladas.
82,RIC 06: Tierra,¿Qué resistencia máxima se permite para una tierra de servicio (neutro) en baja tensión?,5 Ohm,10 Ohm,20 Ohm,80 Ohm,C,"La resistencia de la puesta a tierra de servicio, medida independientemente, no debe exceder los 20 Ohms."
83,RIC 06: Tierra,¿Qué profundidad mínima de enterramiento deben tener reglamentariamente las mallas de tierra?,"0,3 m","0,5 m","0,8 m","1,0 m",B,"Según el RIC 06, los conductores que forman parte de una malla de tierra deben enterrarse a una profundidad mínima de 0,50 m."
84,RIC 10: Emergencia,¿Qué autonomía mínima requiere una luz de emergencia en edificios de más de 5 pisos?,30 min,60 min,90 min,120 min,D,"Para edificios de altura (más de 5 pisos), el RIC 10 exige una autonomía mínima de alumbrado de emergencia de 120 minutos."
85,RIC 10: Instalación,¿A qué altura se deben montar preferentemente los interruptores de comando en viviendas?,"0,4 a 1,0 m","0,8 a 1,4 m","1,0 a 1,6 m","1,5 a 2,0 m",B,"La altura reglamentaria para el montaje de dispositivos de comando se sitúa en un rango de 0,80 m a 1,40 m sobre el suelo."
86,RIC 10: Cocinas,¿Cuál es el tipo de enchufe hembra obligatorio para conectar hornos eléctricos?,10 A,16 A,20 A,32 A,B,Los circuitos destinados a hornos eléctricos deben contar con enchufes de al menos 16 A de capacidad nominal.
87,RIC 10: General,¿Qué potencia unitaria mínima se debe asignar a un enchufe de uso general en el cálculo de carga?,100 W,150 W,250 W,1500 W,C,"Para efectos de diseño y cálculo, cada enchufe de uso general se computará con una potencia mínima de 250 W."
88,RIC 10: Fuerza,¿Qué datos debe indicar obligatoriamente la placa de características de un motor eléctrico?,Solo marca,Tensión y corriente plena carga,Solo el año,El color,B,"Todo motor debe tener una placa que indique claramente su tensión nominal, frecuencia y corriente a plena carga."
89,RIC 10: Fuerza,¿Cómo se deben proteger técnicamente los conductores de motores contra el sobrecalentamiento?,Con cinta,Protección de sobrecarga,Con agua,Con ventilación,B,Los circuitos de fuerza deben incluir dispositivos específicos de protección contra sobrecargas para evitar daños térmicos.
90,RIC 18: Proyectos,¿Qué información fundamental se representa en un diagrama unilineal?,La fachada,Interconexión de alimentadores y protecciones,El jardín,Los muebles,B,"El diagrama unilineal representa gráficamente la configuración eléctrica del sistema, incluyendo sus alimentadores y protecciones."
91,RIC 18: Planos,¿Qué escala es la reglamentariamente preferente para los planos de arquitectura eléctrica?,1:20,1:50,2:40,4:20,B,El RIC 18 establece la escala 1:50 como la escala de preferencia para la representación de las plantas de instalaciones.
92,RIC 10: Cálculo,¿A qué corresponde técnicamente la Potencia Instalada Total de un proyecto?,Solo luces,Suma de potencias nominales de todos los consumos,Solo enchufes,Al empalme,B,Es la suma de las potencias nominales de todos los artefactos y puntos de consumo que componen la instalación eléctrica.
93,RIC 03: Demanda,"¿Qué factor de demanda se aplica reglamentariamente a una bodega para los primeros 12,5 kW?","0,35","0,5","0,8",1,D,"Según las tablas del RIC 03, los primeros 12,5 kW de carga instalada en bodegas se calculan con un factor de demanda de 1,00."
94,RIC 18: Formatos,¿En qué formato digital se deben entregar obligatoriamente los planos ante la SEC?,Papel,PDF,DWG o equivalente,Excel,C,La presentación digital de los planos de proyectos debe realizarse en formato DWG o un estándar CAD equivalente.
95,RIC 02: Tableros,¿A qué altura máxima sobre el suelo se pueden instalar los dispositivos de operación en un tablero?,"1,4 m","1,8 m","2,0 m","2,5 m",C,"Los dispositivos de comando y protección deben estar a una altura máxima de 2,00 m para asegurar su operabilidad."
96,RIC 02: Tableros,¿Qué porcentaje mínimo de espacio de reserva libre deben tener los tableros eléctricos nuevos?,10%,20%,25%,50%,C,Los tableros deben proyectarse con un margen de espacio libre del 25% para permitir futuras ampliaciones de circuitos.
97,RIC 04: Seguridad,¿Qué implica técnicamente identificar un conductor de fase con el color verde?,Es estético,Es permitido,Es un riesgo crítico de seguridad,Es más barato,C,El color verde está reservado exclusivamente para la tierra de protección; su uso en fases induce a errores de conexión fatales.
98,RIC 02: Tableros,¿Qué dispositivo se utiliza en los tableros para indicar visualmente la presencia de tensión en las fases?,Termómetro,Luz piloto,Barómetro,Higrómetro,B,Las luces piloto son los elementos destinados a señalizar la presencia de energía en las distintas fases del tablero.
99,RIC 03: Alimentadores,¿Qué sección mínima debe tener el conductor neutro en un alimentador monofásico?,Menor a fase,Igual a fase,50% de fase,Doble de fase,B,"En sistemas monofásicos, el neutro debe tener la misma sección que la fase para poder transportar la corriente de retorno."
100,RIC 04: Canalización,¿Qué resistencia al fuego (RF) mínima requiere un shaft que aloje alimentadores eléctricos?,RF 30,RF 60,RF 90,RF 120,D,Los shafts verticales de alimentadores en edificios deben asegurar una resistencia al fuego mínima de 120 minutos (RF 120).
101,RIC 03: General,¿Qué se define técnicamente como un conductor activo en un sistema de CA?,Solo tierra,Fase o neutro,El ducto,La caja,B,"El RIC 03 define como conductores activos a aquellos destinados al transporte de energía, específicamente fases y neutro."
102,Normativa General,¿A qué distancia se deben ubicar los postes de una subestación aérea?,1 m,3 m,Según diseño y DS 109,10 m,C,La ubicación de los postes para subestaciones se rige por las especificaciones de diseño y el Decreto Supremo N° 109.
103,RIC 11: Especiales,¿Qué protección es obligatoria para evitar riesgos de electrocución en salas de baño?,Fusible,Diferencial 30 mA,Solo termomagnético,Cinta aislante,B,El RIC 11 exige que los circuitos en salas de baño cuenten con protección diferencial de sensibilidad no superior a 30 mA.
104,RIC 10: General,¿Dónde deben realizarse obligatoriamente todas las uniones de conductores?,Amarradas con alambre,Dentro de cajas de derivación,En el aire,Con cinta adhesiva,B,El RIC 10 prohíbe las uniones fuera de cajas; todas las derivaciones deben ejecutarse dentro de cajas de derivación o paso.
105,RIC 04: General,¿Qué indica el grado de protección IPX4 en un equipo eléctrico?,Sin protección,Protección contra polvo,Protección contra salpicaduras de agua,Sumergible,C,"El dígito ""4"" en la segunda posición del código IP indica protección contra el ingreso de agua proyectada en salpicaduras."
106,RIC 02: Tableros,¿Cuántos circuitos derivados puede alimentar como máximo una sola protección general?,10 circuitos,15 circuitos,25 circuitos,50 circuitos,C,El estándar normativo establece un límite de 25 circuitos por cada interruptor general de distribución en un tablero.
107,RIC 01: Empalmes,¿Cuál es la distancia mínima permitida para ubicar el medidor desde la entrada principal?,5 m,10 m,15 m,25 m,C,El RIC 01 sitúa la ubicación reglamentaria de la caja de empalme dentro de un radio de 15 m desde el acceso principal.
108,RIC 10: Fuerza,¿Cuál es la sección mínima de conductor de cobre para circuitos de fuerza?,"1,5 mm²","2,5 mm²","4,0 mm²","6,0 mm²",B,"Según el RIC 04 y RIC 10, los circuitos destinados a fuerza (motores) deben tener una sección mínima de 2,5 mm²."
109,RIC 04: Canalización,¿Qué elementos se utilizan reglamentariamente para nivelar bandejas portaconductores?,Madera,Tensores o escuadras,Cuerdas,Pegamento,B,Las bandejas deben ser niveladas y soportadas por elementos metálicos rígidos como tensores o escuadras de soporte.
110,RIC 04: Canalización,¿Qué distancia máxima se permite entre los soportes de una bandeja portaconductores?,"0,5 m","1,0 m","1,5 m","3,0 m",C,"Para asegurar la rigidez mecánica, la separación entre soportes de bandejas no debe superar los 1,5 metros."
111,RIC 04: Canalización,¿Qué porcentaje máximo de la sección transversal de una bandeja pueden ocupar los cables?,20%,30%,40%,60%,C,El RIC 04 limita la ocupación de conductores al 40% de la sección útil de la bandeja para permitir la ventilación y peinado.
112,RIC 04: Canalización,¿A qué altura mínima sobre el suelo debe montarse una bandeja portaconductores horizontal?,"1,5 m","1,8 m","2,0 m","2,5 m",C,"Las canalizaciones tipo bandeja deben instalarse a una altura mínima de 2,0 metros para evitar daños mecánicos y obstrucciones."
113,RIC 10: Seguridad,¿Qué distancia mínima debe haber entre una canalización eléctrica y una de gas?,"0,2 m","0,3 m","0,5 m","0,6 m",D,"El punto 5.1.2.5 del RIC 10 establece una distancia mínima de seguridad de 0,60 m respecto a tuberías de otros servicios como el gas."
114,RIC 03: Demanda,¿Qué concepto técnico permite considerar que no todas las cargas operan simultáneamente?,Factor de potencia,Factor de diversidad,Factor de forma,Factor de pérdida,B,El factor de diversidad o simultaneidad se aplica para dimensionar la instalación considerando el uso probable de las cargas.
115,RIC 10: Calefacción,¿Qué protección es obligatoria para los circuitos destinados a equipos de calefacción?,Fusible,Diferencial 30 mA,Solo manual,Ninguna,B,"Todo circuito de uso general, incluyendo calefacción, debe contar con protección diferencial de 30 mA para seguridad de las personas."
116,RIC 18: Proyectos,¿A partir de qué potencia instalada es obligatorio presentar cálculos de iluminación?,10 kW,15 kW,20 kW,50 kW,C,El RIC 18 exige la inclusión de cálculos de iluminancia para proyectos con potencia declarada igual o superior a 20 kW.
117,RIC 18: Proyectos,¿A partir de qué potencia se exige un estudio de coordinación y selectividad de protecciones?,10 kW,15 kW,20 kW,100 kW,C,Se requiere un estudio de selectividad obligatorio para instalaciones que superen los 20 kW de potencia declarada.
118,RIC 06: Tierra,¿Cuál es el instrumento utilizado para medir la resistencia de los sistemas de puesta a tierra?,Voltímetro,Telurómetro,Aislamiento,Corriente,B,El telurómetro es el equipo diseñado para inyectar corriente y medir el potencial de la malla de tierra.
119,RIC 19: Verificación,¿Qué instrumento se utiliza para verificar la integridad de la aislación de los conductores?,Tierra,Megóhmetro,Fase,Frecuencia,B,La resistencia de aislamiento debe verificarse mediante un megóhmetro aplicando tensiones de ensayo elevadas.
120,RIC 10: Verificación,¿Qué tensión de ensayo se aplica para medir aislamiento en circuitos de 220 V?,250 V,500 V,1000 V,2500 V,B,"El RIC 10 especifica que para circuitos de hasta 500 V nominales, la tensión de prueba de aislamiento debe ser de 500 Vcc."
121,RIC 10: Protecciones,¿Cuál es el error técnico si el protector diferencial es de menor capacidad nominal que el disyuntor?,Es ahorro,Riesgo de daño al diferencial,Es permitido,Se ve mejor,B,"El diferencial debe estar protegido contra sobrecargas por el disyuntor termomagnético; si este último es de mayor capacidad, el diferencial puede quemarse ante un exceso de consumo antes de que el disyuntor opere."
122,RIC 18: Proyectos,¿Qué se verifica reglamentariamente en un informe de imágenes de aparatos?,El color de la pared,Conexionado interior de enchufes e interruptores,La marca de pintura,El precio,B,El RIC 18 exige documentar mediante imágenes el conexionado interno de aparatos (interruptores y enchufes) dentro de sus cajas.
123,RIC 10: Instalación,¿A qué altura se deben montar preferentemente los interruptores de alumbrado en zonas de escalas?,"0,5 m","0,8 a 1,4 m","1,5 m","2,0 m",B,"Según el RIC 10, todos los dispositivos de comando de alumbrado deben situarse a una altura entre 0,80 m y 1,40 m sobre el nivel del suelo."
124,RIC 10: Seguridad,¿Qué característica deben tener los interruptores instalados en zonas que queden a oscuras?,Alarma,Señal luminosa permanente,Ser de color rojo,Ser más grandes,B,"Para facilitar su ubicación segura en la oscuridad, se exige que cuenten con una señal luminosa de posición."
125,RIC 10: Fuerza,¿Qué sección mínima de conductor de cobre requiere un motor eléctrico fijo mayor a 3 HP?,"1,5 mm²","2,5 mm²","4,0 mm²",10 mm²,B,"El RIC 10 establece 2,5 mm² como la sección mínima para conductores que alimentan motores de potencia superior a 3 HP."
126,RIC 03: Demanda,¿Qué factor de demanda se aplica a un Hospital para los primeros 50.000 W de carga instalada?,"0,2","0,35","0,4",1,C,"Según la tabla de factores de demanda del RIC 03, los primeros 50 kW de carga en hospitales se calculan con un factor de 0,40."
127,RIC 03: Demanda,¿Qué factor de demanda se aplica reglamentariamente a una casa habitación para los primeros 3.000 W?,"0,35","0,5","0,75",1,D,"En viviendas, los primeros 3 kW de carga instalada se consideran siempre al 100% (factor 1,00) según el RIC 03."
128,RIC 06: Tierra,¿Cómo se denomina el método reglamentario de medida de resistencia de tierra que utiliza 3 electrodos?,De un punto,De dos puntos,De caída de potencial,De contacto,C,El método de caída de potencial (o del 62%) es el procedimiento estándar descrito en el RIC 06 para medir sistemas de puesta a tierra.
129,RIC 18: Proyectos,¿Qué información técnica debe mostrar obligatoriamente la foto de la zanja en una canalización subterránea?,El pasto,Profundidad y ducto utilizado,La pala,Al trabajador,B,"El RIC 18 exige que el informe de imágenes documente el proceso constructivo, incluyendo la profundidad de entierro y el tipo de canalización."
130,RIC 10: Emergencia,¿Qué autonomía mínima debe asegurar la luz de emergencia en edificios de gran altura (> 5 pisos)?,15 min,30 min,60 min,120 min,D,"Para edificios de altura, el RIC 10 y el RIC 02 exigen una autonomía de alumbrado de emergencia de al menos 2 horas (120 minutos)."
131,RIC 02: Tableros,¿Cuál es la sección mínima permitida para el conductor de puesta a tierra dentro de un tablero?,"1,5 mm²","2,5 mm²","4,0 mm²",10 mm²,C,"El RIC 06 y RIC 02 establecen que la sección mínima del conductor de protección que une el tablero con el electrodo de tierra es de 4,0 mm²."
132,RIC 10: Diseño,"¿Qué se define técnicamente como un ""arranque"" en el diseño de un proyecto eléctrico?",Un enchufe,Punto de conexión para una carga o circuito,El empalme,El medidor,B,El arranque es el punto de la instalación destinado a la conexión de cargas o a la derivación de circuitos finales.
133,RIC 10: Neutro,¿Qué sección mínima debe tener el conductor neutro en un sistema trifásico con cargas lineales?,50% de fase,Al menos igual a fase,Doble de fase,Cero,B,"En circuitos de uso general, la sección del neutro debe ser como mínimo igual a la sección de las fases para asegurar el retorno de corriente."
134,RIC 04: Seguridad,¿Qué resistencia al fuego (RF) mínima se exige para el shaft vertical que aloja alimentadores?,RF 60,RF 90,RF 120,RF 180,C,Las canalizaciones verticales (shafts) de alimentadores deben asegurar una compartimentación con resistencia al fuego de 120 minutos.
135,RIC 10: Alumbrado,¿Qué iluminancia mínima (lux) se exige reglamentariamente para un pasillo de tráfico general?,10 lux,50 lux,100 lux,300 lux,C,"Según el Anexo 10.1 del RIC 10, los pasillos de tráfico general requieren un mínimo de 100 lux a nivel de suelo para seguridad."
136,RIC 10: Alumbrado,¿Qué iluminancia mínima requiere una zona de escaleras según las tablas de uso general?,50 lux,100 lux,150 lux,500 lux,C,"Las zonas de escaleras, por su mayor riesgo de accidentes, requieren un nivel de iluminancia superior de 150 lux."
137,RIC 03: Demanda,"¿Qué factor de demanda se aplica por defecto a los ""Servicios Comunes"" de un edificio de departamentos?","0,5","0,8","0,9",1,D,"Las cargas de servicios comunes (bombas, ascensores, escalas) se calculan siempre con un factor de demanda de 1,00 según el RIC 03."
138,RIC 18: Proyectos,"¿Qué es técnicamente el ""Formulario TE Digital"" mencionado en la normativa?",Un plano,Documento oficial de declaración ante la SEC,Una factura,Un contrato,B,Es el instrumento digital a través del cual se realiza la declaración de puesta en servicio de la instalación ante la Superintendencia.
139,RIC 10: Cajas,¿Qué prohibición explícita establece el punto 5.1.2.6 del RIC 10 respecto a los módulos de comando?,Usar solo cobre,Instalar módulos sin caja de derivación,Usar tubos rojos,No usar diferenciales,B,Está prohibida la instalación de mecanismos (interruptores o enchufes) que no queden alojados dentro de una caja de derivación o aparato.
140,RIC 18: Proyectos,¿Cuál es el objetivo fundamental del Pliego Técnico Normativo RIC N° 18?,Cobrar multas,Establecer requisitos para presentación de proyectos,Vender cables,Hacer planos bonitos,B,El RIC 18 fija los estándares mínimos y la documentación necesaria para la elaboración y presentación de proyectos eléctricos ante la SEC.
141,RIC 10: Enchufes,¿A qué distancia se deben proyectar los enchufes en un dormitorio según el RIC 10?,Cada 1 metro,Uno doble/triple cada 8 m de perímetro,No hay regla,Cada 10 metros,B,El punto 5.4.1 del RIC 10 establece que en dormitorios se debe considerar al menos un enchufe doble o triple por cada 8 m de perímetro.
142,RIC 10: Alumbrado,¿Qué iluminancia mínima requiere una oficina destinada al tratamiento de datos?,100 lux,300 lux,500 lux,1000 lux,C,"Según el Anexo 10.1 del RIC 10, las tareas de oficina como escritura y tratamiento de datos requieren un mínimo de 500 lux."
143,RIC 10: Alumbrado,¿Qué iluminancia mínima (lux) se exige para una zona de dibujo técnico?,300 lux,500 lux,750 lux,1500 lux,C,"Las tareas de dibujo técnico requieren un nivel de iluminación más exigente, fijado en 750 lux por el Anexo 10.1 del RIC 10."
144,RIC 03: Alimentadores,¿Cuál es la sección mínima de conductor permitida para un alimentador de edificio?,"1,5 mm²","2,5 mm²","4,0 mm²",10 mm²,C,"El RIC 03 prohíbe explícitamente el uso de conductores de sección inferior a 4,0 mm² para alimentadores en instalaciones de consumo."
145,RIC 10: Seguridad,¿Qué grado de protección IP requiere un equipo instalado al exterior bajo techo?,IP20,IP41,IP44,IP68,C,"Para equipos instalados a la intemperie pero protegidos de la lluvia directa (bajo techo), el RIC 10 exige un grado de protección mínimo de IP44."
146,RIC 10: Seguridad,¿Qué grado de protección IP requiere un equipo instalado al exterior sin protección de techo?,IP41,IP44,IP54,IP68,C,El RIC 10 especifica que los equipos expuestos directamente a la intemperie deben poseer un grado de protección mínimo de IP54 para resistir polvo y lluvia.
147,RIC 02: Tableros,¿Qué elementos se revisan fundamentalmente en la inspección visual de un tablero?,El precio,"Rotulación, peinado y limpieza",El color de la caja,La marca de tornillos,B,"El Anexo 2.3 del RIC 02 establece que la inspección visual debe verificar la rotulación de circuitos, el orden del cableado (peinado) y la limpieza general."
148,RIC 04: Conductores,¿Qué sección de cable soporta al menos 18 A bajo el método de instalación A1 (70 °C)?,"1,5 mm²","2,5 mm²","4,0 mm²","6,0 mm²",B,"De acuerdo con la Tabla 4.4 del RIC 04, el conductor de 2,5 mm² soporta hasta 23 A en método A1, siendo suficiente para una carga de 18 A."
149,RIC 10: Cocinas,¿Cuál es la potencia mínima proyectada que se debe asignar a un horno eléctrico?,100 W,250 W,1500 W,2000 W,C,"Para efectos de cálculo de carga, el RIC 10 establece que un circuito exclusivo para horno eléctrico se computará con una potencia mínima de 1.500 W."
150,RIC 10: Seguridad,¿Qué dispositivo se utiliza para detectar fallas de arco en instalaciones de consumo?,Disyuntor común,Diferencial,AFDD,Fusible rápido,C,El RIC 10 recomienda el uso de dispositivos de detección de falla de arco (AFDD) para aumentar la seguridad contra incendios en instalaciones.
151,RIC 10: Alumbrado,¿Qué iluminancia mínima requiere un área de ventas minorista según la normativa?,100 lux,300 lux,500 lux,1000 lux,B,El Anexo 10.1 del RIC 10 especifica un nivel de 300 lux para las áreas de ventas en establecimientos minoristas.
152,RIC 10: Alumbrado,¿Qué nivel de iluminancia se exige específicamente para el área de cajas en una tienda?,300 lux,500 lux,750 lux,1000 lux,B,"El área de cajas requiere una mayor concentración visual, por lo que el RIC 10 exige un mínimo de 500 lux."
153,RIC 11: Especiales,¿A qué altura mínima se deben instalar los enchufes en salas cuna y jardines infantiles?,"1,0 m","1,2 m","1,5 m","2,0 m",C,"Para garantizar la seguridad infantil, el RIC 11 establece que en estos recintos los enchufes deben situarse a una altura mínima de 1,50 m."
154,RIC 10: Diseño,¿Cuántos centros de luz requiere un recinto de superficie inferior a 10 m²?,Al menos 1,Al menos 2,Al menos 3,Ninguno,A,El punto 5.3.1 del RIC 10 indica que en recintos menores a 10 m² es obligatorio proyectar al menos un punto o centro de iluminación.
155,RIC 06: Tierra,¿Cuál es la sección mínima del conductor de protección que se conecta a la malla de tierra?,"1,5 mm²","2,5 mm²","4,0 mm²",10 mm²,C,"Tanto el RIC 06 como el RIC 02 establecen que el conductor de puesta a tierra de protección debe tener una sección mínima de 4,0 mm²."
156,RIC 10: Canalización,"¿Qué función tiene la ""unión-doble"" en canalizaciones para ambientes explosivos?",Unir dos cables,Permitir desmontar envolventes para mantención,Sellar el agua,Es un adorno,B,"En canalizaciones antideflagrantes, este accesorio permite desconectar tramos rígidos para facilitar el mantenimiento de equipos."
157,RIC 10: Seguridad,¿Cuál es el rango de temperatura ambiente estándar para el diseño de equipos Ex?,0 a 30 °C,-20 a +40 °C,10 a 50 °C,-50 a +100 °C,B,La normativa para atmósferas explosivas define un rango de operación segura estándar entre -20 °C y +40 °C.
158,RIC 18: Proyectos,¿Qué dato crítico se registra en el informe de imágenes respecto a la malla de tierra?,La lluvia,Valor de resistencia en la pantalla del equipo,La cara del dueño,El nombre de la calle,B,El RIC 18 exige documentar mediante fotos el valor final de la medición de resistencia obtenido directamente del instrumento (telurómetro).
159,RIC 02: Tableros,¿Qué porcentaje de reserva de capacidad adicional se recomienda para el diseño de circuitos?,5%,10%,20%,50%,B,Se recomienda proyectar los circuitos con un margen de reserva de potencia del 10% para absorber pequeñas variaciones de carga.
160,Normativa General,¿Cuál es el objetivo final de la aplicación de los pliegos técnicos RIC?,Cobrar multas,Gastar más cobre,Garantizar seguridad y calidad,Retrasar obras,C,"El objetivo fundamental de toda la normativa SEC es salvaguardar a las personas y propiedades, asegurando un estándar de calidad técnica."
161,RIC 11: Especiales,¿Qué grado de protección IP mínimo deben tener los equipos en la Zona 0 de una piscina?,IPX4,IPX5,IPX8,IP68,C,El punto 5.7.3.4 del RIC 11 exige específicamente IPX8 para equipos instalados en el interior del vaso de la piscina.
162,RIC 11: Especiales,¿Qué grado de protección IP se exige para equipos en la Zona 1 de una piscina?,IPX1,IPX3,IPX4,IPX5,D,"Según el RIC 11, la Zona 1 requiere al menos IPX5 (o IPX4 si es interior y no se limpia con chorros)."
163,RIC 11: Especiales,¿Está permitida la instalación de líneas aéreas sobre el volumen de una piscina?,"Sí, a 5 m","Sí, si son aisladas","No, está prohibido",Solo en el exterior,C,"El punto 5.7.4.7 del RIC 11 prohíbe taxativamente líneas aéreas sobre los volúmenes 0, 1 y 2 de piscinas."
164,RIC 11: Médicos,¿Cada cuánto tiempo se debe comprobar la sensibilidad de los diferenciales en recintos médicos?,Mensual,Cada 12 meses,Cada 36 meses,Cada 5 años,B,El punto 3.11 del RIC 11 establece la comprobación de la corriente de sensibilidad de los diferenciales cada 12 meses.
165,RIC 11: Médicos,¿Cada cuánto se debe verificar la integridad de la conexión equipotencial en un hospital?,Cada 12 meses,Cada 24 meses,Cada 36 meses,Cada 5 años,C,El RIC 11 exige la verificación de la integridad de la conexión equipotencial suplementaria cada 36 meses.
166,RIC 11: Médicos,"En las pruebas mensuales de baterías para servicios respaldados, ¿cuál es el tiempo de autonomía mínimo?",15 min,30 min,60 min,120 min,B,El punto 3.11 f.1 especifica que los servicios respaldados con baterías deben probarse por al menos 30 minutos mensualmente.
167,RIC 11: Eventos,¿A qué altura máxima debe estar el interruptor de desconexión en la estación de un operador de juegos mecánicos?,"1,40 m","1,50 m","1,80 m","2,10 m",C,"El punto 17.3.10 del RIC 11 indica que el seccionador o interruptor debe estar a la vista y a menos de 1,80 m del operador."
168,RIC 11: Vía Pública,¿Qué material es obligatorio para cajas de derivación montadas a la vista en la vía pública?,Plástico reforzado,Metálicas,Cerámicas,Fibra de vidrio,B,El punto 19.3.6 del RIC 11 exige que las cajas de derivación en espacios públicos sean metálicas y con resistencia de grado fuerte.
169,RIC 11: Vía Pública,¿Qué requisito de seguridad deben cumplir las cajas de derivación en espacios públicos?,Ser de color rojo,Cierre con herramienta,Estar a 3 m de altura,Sin requisito,B,Deben contar con un sistema de cierre de seguridad que solo pueda abrirse con herramientas para evitar manipulaciones.
170,RIC 11: Escuelas,¿Cuál es la dotación mínima de enchufes hembra triples en recintos educacionales?,Uno por sala,Uno cada 2 m²,Uno cada 5 m²,Uno por pared,C,El punto 4.3.6 del RIC 11 exige al menos un enchufe triple por cada 5 m² de superficie o fracción.
171,RIC 11: Deportes,¿Qué equipo es obligatorio en recintos deportivos que se utilicen para espectáculos masivos?,Luces de 1000 lux,Grupo electrógeno,Cable de 10 mm²,Megáfono,B,El punto 21.4.4 exige grupos electrógenos para asegurar la iluminación total durante espectáculos en recintos deportivos.
172,RIC 18: Proyectos,¿Qué método se debe informar para la medición de la resistividad geoeléctrica del terreno?,Ohmímetro simple,Schlumberger o Wenner,Inyección de agua,Por caída de tensión,B,El punto 6.2.3.2.8 del RIC 18 exige detallar el método Wenner o Schlumberger para la determinación geoeléctrica.
173,RIC 18: Formatos,"Según la norma NCh 13. Of 93, ¿cuál es el margen izquierdo para planos de proyectos eléctricos?",10 mm,20 mm,30 mm,50 mm,C,El Anexo 18.1 del RIC 18 establece un margen izquierdo de 30 mm para permitir el archivado de los planos.
174,RIC 18: Simbología,¿Qué debe hacerse si un componente no figura en el catálogo de simbología oficial del RIC 18?,No se puede usar,Usar foto,Definirlo en el cuadro de símbolos,Inventar nombre,C,El punto 6.3.10 permite usar simbología distinta siempre que se describa claramente en el cuadro de simbología del plano.
175,RIC 03: Caída,¿Cuál es el porcentaje máximo de caída de tensión permitido en un subalimentador?,1%,2%,3%,5%,C,El RIC 03 limita la caída de tensión en alimentadores y subalimentadores a un máximo del 3% de la tensión nominal.
176,RIC 03: Caída,¿Cuál es el porcentaje máximo de caída de tensión total hasta el punto más desfavorable?,2%,3%,4%,5%,D,El RIC 03 establece que la caída de tensión total acumulada en la instalación no debe exceder el 5%.
177,RIC 04: Canalización,¿Qué distancia mínima debe haber entre escalerillas portaconductores montadas una sobre otra?,"0,15 m","0,20 m","0,30 m","0,50 m",C,"El punto 7.11.21 del RIC 04 fija una distancia útil mínima de 0,30 m entre sistemas de escalerillas superpuestas."
178,RIC 04: Cajas,¿Qué porcentaje máximo de ocupación de entradas se permite en cajas de derivación?,25%,40%,50%,60%,C,El punto 5.12.3 del RIC 04 indica que se deberá utilizar como máximo un 50% de las entradas disponibles en la caja.
179,RIC 02: Distancias,"Para 400 V, ¿qué distancia mínima debe haber entre partes energizadas montadas en la misma superficie?",15 mm,20 mm,30 mm,35 mm,D,"Según la Tabla 2.2 del RIC 02, para tensiones entre 201 y 400 V, la distancia mínima sobre superficie es de 35 mm."
180,RIC 01: Empalmes,¿Qué relación debe haber entre la capacidad del empalme y la potencia instalada total?,Siempre mayor,Igual o inferior,Siempre 50%,No tienen relación,B,"El punto 5.3 del RIC 01 establece que la capacidad puede ser igual o inferior, pero nunca superior a la potencia total instalada."
181,RIC 10: Cajas,¿Qué prohibición establece el punto 5.1.2.6 del RIC 10 respecto a los módulos de comando?,Usar solo cobre,Instalar módulos sin caja de derivación,Usar tubos rojos,No usar diferenciales,B,"Según el RIC 10, está prohibida la instalación de mecanismos (interruptores o enchufes) que no queden alojados en cajas de derivación o de aparatos."
182,RIC 18: Proyectos,¿Cuál es el objetivo fundamental del Pliego Técnico Normativo RIC N° 18?,Cobrar multas,Establecer requisitos para presentación de proyectos,Vender cables,Hacer planos bonitos,B,El RIC 18 fija los estándares mínimos y la documentación necesaria para la elaboración y declaración de proyectos eléctricos ante la SEC.
183,RIC 10: Enchufes,¿A qué distancia se deben proyectar los enchufes en un dormitorio según el RIC 10?,Cada 1 metro,Uno doble/triple cada 8 m de perímetro,No hay regla,Cada 10 metros,B,El punto 5.4.1 del RIC 10 establece que en dormitorios se debe considerar al menos un enchufe doble o triple por cada 8 m de perímetro.
184,RIC 10: Alumbrado,¿Qué iluminancia mínima requiere una oficina destinada al tratamiento de datos?,100 lux,300 lux,500 lux,1000 lux,C,"Según las tablas de iluminancia (Anexo 10.1), las tareas de oficina como el tratamiento de datos requieren 500 lux."
185,RIC 10: Alumbrado,¿Qué iluminancia mínima (lux) se exige para una zona de dibujo técnico?,300 lux,500 lux,750 lux,1500 lux,C,"Las tareas de dibujo técnico manual requieren un nivel de iluminación más exigente, fijado en 750 lux por la normativa."
186,RIC 03: Alimentadores,¿Cuál es la sección mínima de conductor permitida para un alimentador de edificio?,"1,5 mm²","2,5 mm²","4,0 mm²",10 mm²,C,"El RIC 03 prohíbe el uso de conductores de sección inferior a 4,0 mm² para alimentadores en instalaciones de consumo."
187,RIC 10: Seguridad,¿Qué grado de protección IP requiere un equipo instalado al exterior bajo techo?,IP20,IP41,IP44,IP68,C,"Para equipos a la intemperie protegidos de lluvia directa (bajo techo), el RIC 10 exige un grado de protección mínimo de IP44."
188,RIC 10: Seguridad,¿Qué grado de protección IP requiere un equipo instalado al exterior sin protección de techo?,IP41,IP44,IP54,IP68,C,Equipos expuestos directamente a la intemperie deben poseer un grado de protección mínimo de IP54 para resistir polvo y lluvia.
189,RIC 02: Tableros,¿Qué elementos se revisan fundamentalmente en la inspección visual de un tablero?,El precio,"Rotulación, peinado y limpieza",El color,La marca de tornillos,B,"El Anexo 2.3 del RIC 02 establece que la inspección visual debe verificar la rotulación, el orden del cableado y la limpieza general."
190,RIC 04: Conductores,¿Qué sección de cable soporta al menos 18 A bajo el método de instalación A1?,"1,5 mm²","2,5 mm²","4,0 mm²","6,0 mm²",B,"Según la Tabla 4.4 del RIC 04, el conductor de 2,5 mm² en método A1 es el adecuado para soportar corrientes en ese rango."
191,RIC 10: Cocinas,¿Cuál es la potencia mínima proyectada que se debe asignar a un horno eléctrico?,100 W,250 W,1500 W,2000 W,C,"Para efectos de cálculo de carga, un circuito exclusivo para horno eléctrico se computará con una potencia mínima de 1.500 W."
192,RIC 10: Seguridad,¿Qué dispositivo se utiliza para detectar fallas de arco en instalaciones de consumo?,Disyuntor común,Diferencial,AFDD,Fusible rápido,C,El RIC 10 y el RIC 02 recomiendan dispositivos AFDD (detección de falla de arco) para aumentar la seguridad contra incendios.
193,RIC 10: Alumbrado,¿Qué iluminancia mínima requiere un área de ventas minorista según la normativa?,100 lux,300 lux,500 lux,1000 lux,B,El Anexo 10.1 del RIC 10 especifica un nivel de iluminancia de 300 lux para las áreas de ventas en establecimientos minoristas.
194,RIC 10: Alumbrado,¿Qué nivel de iluminancia se exige específicamente para el área de cajas en una tienda?,300 lux,500 lux,750 lux,1000 lux,B,"El área de cajas requiere una mayor concentración visual, por lo que la normativa exige un mínimo de 500 lux."
195,RIC 11: Especiales,¿A qué altura mínima se deben instalar los enchufes en jardines infantiles o salas cuna?,"1,0 m","1,2 m","1,5 m","2,0 m",C,"El RIC 11 establece que en estos recintos los enchufes deben situarse a una altura mínima de 1,50 m para seguridad infantil."
196,RIC 10: Diseño,¿Cuántos centros de luz requiere un recinto de superficie inferior a 10 m²?,Al menos 1,Al menos 2,Al menos 3,Ninguno,A,El RIC 10 indica que en recintos menores a 10 m² es obligatorio proyectar al menos un punto o centro de iluminación.
197,RIC 06: Tierra,¿Cuál es la sección mínima del conductor de protección que se conecta a la malla de tierra?,"1,5 mm²","2,5 mm²","4,0 mm²",10 mm²,C,"Los pliegos RIC 06 y RIC 02 establecen que el conductor de puesta a tierra de protección debe tener una sección mínima de 4,0 mm²."
198,RIC 10: Canalización,"¿Qué función tiene la ""unión-doble"" en canalizaciones para ambientes explosivos?",Unir dos cables,Permitir desmontar envolventes para mantención,Sellar el agua,Es un adorno,B,"En canalizaciones antideflagrantes, este accesorio permite desconectar tramos rígidos para facilitar el mantenimiento de equipos."
199,RIC 10: Seguridad,¿Cuál es el rango de temperatura ambiente estándar para el diseño de equipos Ex?,0 a 30 °C,-20 a +40 °C,10 a 50 °C,-50 a +100 °C,B,La normativa para atmósferas explosivas define un rango de operación segura estándar entre -20 °C y +40 °C.
200,RIC 18: Proyectos,¿Qué dato crítico se registra en el informe de imágenes respecto a la malla de tierra?,La lluvia,Valor de resistencia en la pantalla del equipo,La cara del instalador,El nombre de la calle,B,El RIC 18 exige documentar con fotos el valor final de la medición de resistencia obtenido directamente del instrumento de medida.
201,RIC 01: Capacidad,¿Cuál es el límite reglamentario para la capacidad del empalme respecto a la potencia total instalada?,Siempre debe ser mayor,Puede ser el doble,"Igual o inferior, pero nunca superior",No existe restricción,C,"Según el punto 5.3 del RIC 01, la capacidad se determina por la potencia instalada, pudiendo ser igual o inferior, pero nunca superior a esta."
202,RIC 01: Materiales,¿Qué resistencia mecánica mínima (IK) se exige para todas las cajas de empalme?,IK 05,IK 07,IK 08,IK 09,D,El punto 6.5 del RIC 01 establece que todas las cajas de empalme deben tener una resistencia mecánica mínima de IK 09.
203,RIC 01: Ubicación,¿Cuál es el radio máximo para ubicar el medidor desde la puerta de acceso principal?,5 m,10 m,15 m,20 m,C,El punto 7.2 y el Anexo 1.1 indican que la unidad de medida debe situarse dentro de un semicírculo de radio no superior a 15 m desde el acceso.
204,RIC 01: Concentración,¿Hasta qué número de pisos se acepta reglamentariamente la concentración de empalmes en un solo recinto?,3 pisos,5 pisos,6 pisos,10 pisos,C,"De acuerdo con el punto 7.7 del RIC 01, se acepta la concentración de empalmes en edificios de altura hasta 6 pisos; sobre esta altura se requieren recintos cada 6 pisos o fracción."
205,RIC 01: Alturas,¿Cuál es la altura mínima permitida para el borde inferior de una caja de empalme en un recinto concentrado?,"0,45 m","0,60 m","0,80 m","1,00 m",C,"El punto 7.8.4 especifica que el borde inferior de ninguna caja de empalme quedará a una altura inferior a 0,80 m sobre el nivel del suelo terminado."
206,RIC 01: Alturas,¿Cuál es la altura máxima permitida para el borde superior de una caja de empalme?,"1,80 m","2,00 m","2,10 m","2,50 m",C,"Según los puntos 7.8.4 y 7.9.1, el borde superior de las cajas de empalme no debe superar los 2,10 m de altura."
207,RIC 01: Espacio,¿Qué porcentaje de superficie disponible adicional se debe dejar en recintos de empalmes para futuras ampliaciones?,10%,15%,25%,50%,B,El punto 7.8.5 exige dejar una superficie disponible de al menos un 15% de la utilizada para futuros aumentos de capacidad.
208,RIC 01: Seguridad,¿Qué requisito de alumbrado de emergencia debe cumplir un recinto de empalmes concentrados?,1 hora / 1 lux,1 hora / 5 lux,2 horas / 5 lux,3 horas / 10 lux,C,El punto 7.8.8 establece la instalación de un equipo autónomo de emergencia con autonomía no inferior a 2 horas y un nivel mínimo de 5 lux.
209,RIC 01: Pasillos,"En empalmes distribuidos, ¿qué ancho mínimo debe tener el pasillo frente a la parte más saliente del armario?","0,8 m","1,1 m","1,5 m","2,0 m",C,"Según el punto 7.9.4, desde la parte más saliente del armario hasta la pared opuesta debe respetarse un pasillo de 1,5 m como mínimo."
210,RIC 01: Protección,¿Qué resistencia al fuego mínima deben tener los armarios destinados a empalmes distribuidos o mixtos?,RF 15,RF 30,RF 60,RF 120,B,El punto 7.9.5 del RIC 01 exige que los armarios tengan una característica de resistencia al fuego mínima de RF 30.
211,RIC 01: Viviendas Sociales,¿Qué está prohibido instalar en los alimentadores de viviendas sociales entre el medidor y el primer tablero?,Canalizaciones,Cajas de derivación o paso,Cables de 4 mm²,Diferenciales,B,"El punto 7.14 y el Anexo 1.6 prohíben la instalación de cajas de distribución o paso en zonas comunes para estos alimentadores, debiendo ser directos."
212,RIC 01: Canalización,"En el uso de ductos para alimentadores, ¿cuál es el diámetro mínimo permitido y su capacidad de ampliación?",20 mm / 50%,25 mm / 75%,32 mm / 100%,40 mm / 125%,C,El punto 7.15 indica que el diámetro no podrá ser inferior a 32 mm y debe permitir ampliar la sección de los conductores en un 100%.
213,RIC 01: Recintos,¿Está permitido usar el recinto de empalmes como bodega o lugar de almacenamiento?,"Sí, si hay espacio","No, está prohibido",Solo para materiales eléctricos,Solo con permiso SEC,B,"El punto 7.16 establece explícitamente que no puede usarse este recinto como lugar de estadía de personal, bodega, ni almacenamiento de ninguna especie."
214,RIC 01: Distancias,¿Qué distancia mínima de separación debe haber entre celdas de empalme de Media Tensión y tableros de Baja Tensión?,"0,6 m","1,0 m","1,5 m","3,0 m",C,"De acuerdo con el punto 7.21 del RIC 01, la distancia de separación no debe ser inferior a 1,5 m."
215,RIC 01: BNUP,¿Cuál es la altura mínima de montaje para unidades de medida en Bienes Nacionales de Uso Público (BNUP)?,"1,8 m","2,0 m","2,1 m","2,5 m",D,"El punto 7.23 especifica que para instalaciones de alumbrado público o recarga de vehículos en BNUP, la altura mínima será de 2,5 m para evitar manipulación."
216,RIC 02: Definiciones,¿Cómo se definen los tableros que protegen los alimentadores y permiten operar toda la instalación?,Tableros de distribución,Tableros generales,Tableros de comando,CCM,B,"Según el punto 4.25.1.1, los tableros generales son los principales de la instalación y protegen los alimentadores."
217,RIC 02: Protecciones,¿Cuál es el número máximo de circuitos que puede alimentar una sola protección general en un tablero?,10 circuitos,15 circuitos,25 circuitos,50 circuitos,C,El banco de preguntas y el estándar normativo establecen un límite de 25 circuitos por cada protección general.
218,RIC 02: Ubicación,¿En qué lugar está prohibida explícitamente la instalación de tableros eléctricos?,Pasillos,Dormitorios y baños,Cocinas,Logias,B,"El punto 5.1.3.2 del RIC 10 y las disposiciones del RIC 02 prohíben tableros en dormitorios, baños y lavaderos."
219,RIC 02: Alturas,¿Cuál es la altura máxima permitida para los dispositivos de operación (maniobra) en un tablero?,"1,40 m","1,80 m","2,00 m","2,10 m",C,"Los dispositivos de protección y maniobra deben situarse a una altura máxima de 2,0 metros sobre el nivel del suelo."
220,RIC 02: Espacio,¿Qué porcentaje de espacio de reserva libre deben tener los tableros nuevos para futuras ampliaciones?,10%,20%,25%,50%,C,"Según el punto 6.1.16.4, los tableros deben proyectarse con un margen de reserva del 25% de su capacidad física."
221,RIC 02: Seguridad,¿Qué espacio de trabajo libre mínimo debe existir frente a un tablero eléctrico?,"0,80 m","1,10 m","1,50 m","2,00 m",B,"El RIC 02 establece un espacio libre mínimo de 1,10 metros frente a los tableros para permitir su operación segura."
222,RIC 02: Instalación,¿Qué grado de protección IP mínimo se exige para tableros instalados en el interior de una vivienda?,IP20,IP 41,IP44,IP54,B,El punto 6.1.21.2 exige un grado de protección IP 41 como mínimo para todos los tableros instalados en interiores.
223,RIC 02: Exterior,¿Qué grado IP se requiere para un tablero instalado a la intemperie pero bajo techo?,IP 41,IP 44,IP 54,IP 68,B,"El punto 6.1.21.3 especifica que bajo techo al exterior el grado mínimo es IP 44; si no hay techo, debe ser IP 54."
224,RIC 02: Instrumentos,¿A partir de qué capacidad nominal es obligatorio que un tablero lleve instrumentos de medida?,50 A,100 A,150 A,200 A,B,"Según el punto 6.2.13, todos los tableros de capacidad igual o superior a 100 A deben incluir instrumentos que indiquen tensión y corriente."
225,RIC 02: Indicadores,¿Cuántos circuitos puede tener como máximo un tablero domiciliario para ser exceptuado de luces piloto?,1 circuito,2 circuitos,3 circuitos,5 circuitos,C,El punto 6.2.14 exceptúa de la obligación de luces piloto de presencia de energía a los tableros domiciliarios de hasta 3 circuitos.
226,RIC 02: Cableado,¿Qué método de instalación se usa como equivalente para dimensionar el cableado interno del tablero?,Método B1,Método C,Método A1,Método F,C,El punto 6.2.2 indica que el cableado interno se dimensiona según el RIC 04 utilizando el método A1 como equivalente.
227,RIC 02: Barras,¿Cuál es la secuencia correcta de montaje para las barras de distribución (R-S-T)?,"Rojo, Negro, Azul","Azul, Negro, Rojo","Negro, Azul, Rojo","Verde, Blanco, Azul",B,"Según el punto 6.2.9, el montaje debe seguir la secuencia azul, negro y rojo (de izquierda a derecha o arriba hacia abajo)."
228,RIC 02: Salas,¿Qué autonomía mínima debe tener el alumbrado de emergencia en una sala eléctrica?,30 min,60 min,90 min,120 min,D,El punto 5.4.10 exige equipos autónomos de emergencia con una autonomía no inferior a 2 horas (120 minutos).
229,RIC 02: Conexiones,¿A partir de cuántos circuitos es obligatorio el uso de regletas de conexiones para cargas externas?,3 circuitos,5 circuitos,8 circuitos,12 circuitos,C,El punto 6.2.12 establece que se exceptúan del uso de regletas solo los tableros menores a 8 circuitos.
230,RIC 02: Rotulación,¿Qué información NO es obligatoria estampar en la placa de datos exterior del tablero?,Tensión de servicio,Corriente nominal,RUT del instalador,Marca de fabricación,C,"El punto 5.3.5 exige marca, nombre del tablero, tensión, corriente y número de fases, pero no especifica el RUT del instalador en la placa."
231,RIC 03: Definiciones,¿Cómo se definen los conductores que van entre el equipo de medida y el primer tablero de la instalación?,Subalimentadores,Alimentadores,Derivaciones,Circuitos finales,B,"El punto 3.1 del RIC 03 define los alimentadores como los conductores entre el equipo de medida y el primer tablero, o entre tableros generales."
232,RIC 03: Caída de Tensión,¿Cuál es el porcentaje máximo de caída de tensión permitido específicamente en los alimentadores?,1%,2%,3%,5%,C,"Según el punto 5.1.3, la sección de alimentadores y subalimentadores debe asegurar que la caída de tensión no exceda el 3% de la tensión nominal."
233,RIC 03: Caída de Tensión,¿Cuál es el límite máximo de caída de tensión total permitido hasta el punto más desfavorable de la instalación?,2%,3%,4%,5%,D,El punto 5.1.3 establece que la caída de tensión total en el punto más desfavorable de la instalación no debe superar el 5%.
234,RIC 03: Conductores,¿Qué tipo de conductores son obligatorios para alimentadores en edificios de altura?,PVC (NYA),THHN,RZ1 o RZ1-K,Conductores desnudos,C,El punto 5.1.7.1 exige que los conductores para estos alimentadores sean de la denominación armonizada RZ1 o RZ1-K.
235,RIC 03: Canalización,¿Qué porcentaje máximo de la sección transversal de una bandeja pueden ocupar los conductores de alimentadores?,25%,30%,40%,50%,C,"De acuerdo con el punto 5.1.7.4, los conductores no deben ocupar más del 40% de la sección transversal de bandejas o escalerillas."
236,RIC 03: Canalización,¿Cada cuántos metros como máximo deben ser peinados y amarrados los cables en una escalerilla?,"1,0 m","1,5 m","2,0 m","3,0 m",C,"El punto 5.1.7.3 indica que para mantener el ordenamiento, los cables serán peinados y amarrados en tramos no superiores a 2,0 m."
237,RIC 03: Protecciones,¿Qué tipo de corte debe realizar el dispositivo de protección del alimentador principal?,Unipolar,Bipolar,Omnipolar,Solo fases,C,El punto 5.2.5 establece que el dispositivo del alimentador principal deberá ser de corte omnipolar (salvo excepciones sobre 630 A).
238,RIC 03: Protecciones,¿Cuál es el largo máximo permitido para una derivación de alimentador sin protección individual si está en ducto cerrado?,1 m,3 m,5 m,10 m,C,El punto 5.2.6 exceptúa de protección individual a las derivaciones de no más de 5 m de largo conectadas directamente desde la barra.
239,RIC 03: Demanda,"En una casa habitación, ¿qué factor de demanda se aplica a los primeros 3.000 W de carga?","0,35","0,5","0,75",1,D,"Según la Tabla N°3.1, para casas habitación, el tramo de los primeros 3 kW tiene un factor de demanda de 1."
240,RIC 03: Demanda,"¿Qué factor de demanda se debe aplicar reglamentariamente a los ""Servicios Comunes"" de un edificio?","0,5","0,8","0,9",1,D,La Tabla N°3.1 especifica que para los servicios comunes se debe considerar toda la potencia con un factor de demanda de 1.
241,RIC 03: Demanda,¿Cuál es el factor de demanda para los primeros 50 kW de carga instalada en un Hospital?,"0,2","0,35","0,4",1,C,"La Tabla N°3.1 del pliego fija un factor de demanda de 0,4 para los primeros 50 kW en hospitales."
242,RIC 03: Neutro,¿Qué sección mínima debe tener el conductor neutro en un alimentador monofásico?,50% de fase,Igual a fase,"1,5 veces la fase",Según cálculo de armónicos,B,El punto 6.4.1 establece que el neutro de alimentadores monofásicos tendrá la misma sección del conductor de fase.
243,RIC 03: Neutro,¿Cómo se dimensiona el neutro trifásico para cargas no lineales con filtros armónicos concentrados?,Igual a fase,Al menos 50% mayor que fase,200% de fase,No requiere neutro,B,El punto 6.4.3 letra a indica que en este caso la sección mínima del neutro será al menos un 50% mayor que la de los conductores de fase.
244,RIC 03: Simultaneidad,¿Qué factor de simultaneidad se aplica a un conjunto de 3 viviendas alimentadas por un único empalme?,"0,9","0,95",1,"1,1",C,"De acuerdo con la Tabla N°3.2, para conjuntos de 1 a 3 viviendas el factor de simultaneidad es 1."
245,RIC 03: Canalización,¿Qué requisito de identificación tienen los alimentadores en edificios de altura?,Solo en el tablero,Solo en el medidor,Marcado piso a piso,No requieren marca,C,El punto 5.1.7.5 exige que los alimentadores se marquen piso a piso mediante identificadores permanentes e indelebles.
246,RIC 04: General,¿Qué característica de seguridad deben cumplir todos los conductores eléctricos aislados según el RIC 04?,Ser de aluminio,Ser solo de alambre,Retardantes a la llama y autoextinguentes,Tener doble aislamiento,C,El punto 5.2 del RIC 04 establece que todos los conductores eléctricos aislados y canalizaciones no metálicas deberán ser retardantes a la llama y autoextinguentes.
247,RIC 04: Definiciones,¿Cómo se define técnicamente una canalización que va alojada en calados de muros y es recubierta por terminaciones?,Canalización oculta,Canalización embutida,Canalización preembutida,Canalización subterránea,B,"Según el punto 4.17.2, la canalización embutida es aquella colocada en perforaciones o calados hechos en muros o losas y recubierta por enlucidos."
248,RIC 04: Materiales,¿Cómo se denomina el cable que mantiene la integridad del circuito durante un incendio para sistemas de evacuación?,Cable retardante,Cable autoextinguente,Cable resistente al fuego (AS+),Cable libre de halógenos,C,El punto 4.11 define al cable resistente al fuego (AS+) como aquel que mantiene la integridad del circuito por un tiempo suficiente para evacuación.
249,RIC 04: Ampacidad,"Si una tubería lleva de 4 a 6 conductores activos, ¿qué factor de corrección (fn) se debe aplicar a su capacidad?","0,9","0,8","0,7","0,5",B,"De acuerdo con la Tabla N°4.6 del RIC 04, para un grupo de 4 a 6 conductores en un ducto, el factor de corrección fn es de 0,8."
250,RIC 04: Temperatura,"Para un cable con temperatura de servicio de 70°C operando a 33°C ambiente, ¿cuál es el factor de corrección (ft)?",1,"0,96","0,94","0,87",C,"Según la Tabla N°4.7 del RIC 04, para cables de 70°C en ambientes de 31°C a 35°C, el factor de corrección ft es 0,94."
251,RIC 04: Canalización,¿Qué grado de protección IP e IK mínimo se exige para molduras y bandejas portaconductores livianas?,IP20 / IK 05,IP 4X / IK 07,IP44 / IK 08,IP68 / IK 10,B,El punto 7.7.3 del RIC 04 especifica que estas canalizaciones deben mantener un grado IP mínimo de IP 4x y una protección IK 07.
252,RIC 04: Instalación,¿Cuál es la separación máxima permitida entre soportes para una tubería metálica de 25 mm de diámetro?,"0,80 m","1,00 m","1,20 m","1,50 m",C,"La tabla de la sección 7.16.4.8 indica que para diámetros de 16 a 25 mm, la separación entre soportes debe ser de 1,20 m."
253,RIC 04: Instalación,¿Cuál es el radio de curvatura mínimo al borde interior para una tubería metálica de 25 mm de diámetro?,10 cm,15 cm,18 cm,25 cm,C,"Según la Tabla N°4.22 del RIC 04, el radio de curvatura para una tubería de 25 mm nominales debe ser de 18 cm."
254,RIC 04: Cable MI,"Cuando se instala a la vista, ¿cuál es la distancia máxima de fijación para un cable de aislación mineral (MI)?","0,3 m","0,5 m","1,0 m","1,5 m",B,"El punto 7.4.4 establece que el cable MI a la vista deberá fijarse mediante soportes ubicados a distancias no superiores a 0,5 m en tramos rectos."
255,RIC 04: Líneas Aéreas,¿Cuál es la sección mínima de conductor para líneas aéreas a la intemperie con vanos de hasta 30 metros?,4 mm²,6 mm²,10 mm²,16 mm²,B,El punto 7.2.6 indica que la sección mínima será de 6 mm² para vanos de hasta 30 m de longitud.
256,RIC 04: Ampacidad,"En circuitos trifásicos, ¿se considera el neutro como un cuarto conductor para efectos de capacidad de transporte?","Sí, siempre",Solo si hay armónicos,"No, en ningún caso",Solo en conductores AWG,C,El punto 6.2.4 señala que en caso de circuitos trifásicos no se considerará al neutro como un cuarto conductor al fijar la capacidad de transporte.
257,RIC 04: Instalación,¿A qué altura es conveniente disponer las tuberías para protegerlas de eventuales daños mecánicos?,"1,80 m","2,10 m","2,50 m","3,00 m",C,"El punto 7.16.4.8 recomienda disponer las tuberías, siempre que sea posible, a una altura mínima de 2,50 m sobre el suelo."
258,RIC 04: Definiciones,¿Cómo se denomina a la canalización que es accesible en toda su extensión pero no permite visualización directa?,Canalización a la vista,Canalización oculta,Canalización embutida,Canalización de shaft,B,"El punto 4.17.3 define canalización oculta como aquella colocada en lugares que no permiten visualización directa, pero accesible en toda su extensión."
259,RIC 04: Identificación,¿Qué requisitos fundamentales debe cumplir la identificación de los conductores eléctricos?,Ser en inglés,Ser solo en el tablero,Ser legible e indeleble,Ser grabada en el cobre,C,El punto 6.2.7.1 exige que la identificación de los conductores sea legible e indeleble conforme a los protocolos de la Superintendencia.
260,RIC 04: Canalización,"En la situación de canalizaciones, ¿está admitido el uso de ductos en Shafts no accesibles?",No admitido,Admitido (+),Solo para corrientes débiles,Solo si son metálicos,B,"Según la Tabla N°4.9, el uso de tuberías (ductos) está admitido (+) en Shafts no accesibles."
261,RIC 05: Definiciones,¿Cómo se denomina técnicamente el contacto de personas con partes de un circuito que están energizadas en condiciones normales?,Contacto indirecto,Contacto directo,Falla a masa,Tensión de paso,B,"El punto 5.2.1 define contacto directo como aquel en que se toca una parte del circuito que, en condiciones normales, está energizada."
262,RIC 05: Definiciones,¿Qué tipo de contacto ocurre cuando una persona toca una parte metálica que se energizó accidentalmente por una falla?,Contacto directo,Contacto indirecto,Tensión de seguridad,Arco eléctrico,B,"Según el punto 5.2.2, el contacto indirecto ocurre al tocar partes metálicas desenergizadas en condiciones normales, pero energizadas por falla."
263,RIC 05: Seguridad,¿Cuál es el valor máximo de tensión de seguridad permitido para corriente alterna en lugares secos?,12 V,24 V,50 V,120 V,C,El punto 5.8 establece que en lugares secos la tensión máxima de seguridad para CA es de 50 V.
264,RIC 05: Seguridad,¿Cuál es el valor máximo de tensión de seguridad para corriente alterna en lugares húmedos o mojados?,12 V,24 V,50 V,60 V,B,"Para lugares húmedos o mojados, el punto 5.8 fija la tensión de seguridad en un máximo de 24 V en corriente alterna."
265,RIC 05: Seguridad,¿Qué valor de resistencia se considera reglamentariamente para representar al cuerpo humano en este pliego?,500 Ohm,1.000 Ohm,2.000 Ohm,50.000 Ohm,C,El punto 5.7 indica que el valor referencial de resistencia del cuerpo humano se considera igual a 2.000 Ohm.
266,RIC 05: Seguridad,"¿Qué resistencia mínima debe tener un piso para ser considerado técnicamente como ""piso aislante"" en una red de 220 V?",1.000 Ohm,2.000 Ohm,24.000 Ohm,50.000 Ohm,D,"Según el punto 5.9, se considera piso aislante a aquel que tenga una resistencia superior a 50.000 Ohm para tensiones de hasta 500 V."
267,RIC 05: Esquemas,"En un esquema de conexión TN-S, ¿cuál es la relación entre el conductor neutro y el de protección?",Van por el mismo cable,Están separados en toda la instalación,No existe el neutro,Se unen en los enchufes,B,El punto 6.4.3 describe que en el esquema TN-S el conductor de protección (CP) y el neutro (N) están separados en todo el esquema.
268,RIC 05: Esquemas,¿Cómo se define el esquema de conexión TN-C según la función de sus conductores?,Neutro y tierra separados,Funciones de neutro y protección combinadas,Sin conexión a tierra,Solo para alta tensión,B,"Según el punto 6.4.4, en el esquema TN-C las funciones de neutro y protección están combinadas en un solo conductor en todo el esquema."
269,RIC 05: Esquemas,¿Qué caracteriza fundamentalmente al esquema de conexión a tierra tipo TT?,El neutro no se aterriza,Puestas a tierra de alimentación y de cargas separadas,No usa conductor de protección,Es solo para hospitales,B,El punto 6.5.1 indica que en el esquema TT las masas de la instalación están conectadas a una tierra separada de la tierra de la alimentación.
270,RIC 05: Esquemas,¿Cuál es la condición principal de una instalación bajo un esquema tipo IT?,Tierra de baja resistencia,Instalación aislada de tierra o por alta impedancia,Neutro unido al fierro,Sin protecciones,B,El punto 6.6.1 define el esquema IT como aquel donde la instalación está aislada de tierra o conectada mediante una impedancia de valor alto.
271,RIC 05: Tiempos,"Para una tensión nominal de 220 V, ¿cuál es el tiempo máximo de interrupción permitido para seguridad?","0,1 s","0,2 s","0,4 s","5,0 s",C,"La Tabla 5.1 establece que para una tensión Uo de 220 V en CA, el tiempo máximo de interrupción es de 0,4 segundos."
272,RIC 05: Protecciones,"En el esquema TN, ¿cuál es el requisito de sensibilidad para los protectores diferenciales de protección de personas?",No superior a 10 mA,No superior a 30 mA,De 100 mA,De 300 mA,B,El punto 8.7.6.3 letra b exige protectores diferenciales de sensibilidad no superior a 30 mA para el esquema TN.
273,RIC 05: Diseño,"En la fórmula de protección Zs x Ia ≤ UL, ¿qué representa el parámetro ""Ia""?",Corriente de cortocircuito,Corriente que asegura el funcionamiento del corte,Corriente nominal de carga,Impedancia de falla,B,El punto 8.7.6.2 define a Ia como la corriente que asegura el funcionamiento del dispositivo de corte en el tiempo máximo definido.
274,RIC 05: Seguridad,"¿Qué altura mínima define el límite superior del ""volumen de accesibilidad"" para una persona?","1,25 m","2,00 m","2,50 m","3,00 m",C,"Según el Anexo 5.1, el volumen de accesibilidad llega hasta una altura de 2,50 m por encima de la superficie ocupada por personas."
275,RIC 05: Alumbrado,¿Qué tensión límite de seguridad se debe considerar específicamente para instalaciones de alumbrado público?,12 V,24 V,50 V,220 V,B,"El punto 8.7.4 indica que para instalaciones de alumbrado público (según RIC 11), la tensión límite es de 24 V."
276,RIC 06: Objetivos,¿Cuál es el objetivo principal de un Sistema de Puesta a Tierra (SPT) respecto a las personas?,Aumentar el voltaje,Garantizar la seguridad de las personas,Cobrar más cobre,Solo fines estéticos,B,El punto 5.2 establece que uno de los objetivos es garantizar la seguridad de las personas ante fallas de aislación.
277,RIC 06: Resistencia,¿Cuál es el valor máximo permitido para una resistencia de puesta a tierra de servicio (neutro)?,5 Ohm,10 Ohm,20 Ohm,80 Ohm,C,"Según el punto 6.1, la resistencia de la puesta a tierra de servicio no debe exceder los 20 Ohms."
278,RIC 06: Excepciones,¿En qué condición se permite que la tierra de servicio llegue hasta 80 Ohm en instalaciones de < 10 kW?,Si se usa alambre,Si tiene interruptor omnipolar y diferenciales de 30mA,Si el suelo es seco,Nunca se permite,B,El punto 6.2.1 permite subir a 80 Ohm si se cuenta con corte omnipolar y protección diferencial en todos los circuitos.
279,RIC 06: Ubicación,¿Dónde debe efectuarse reglamentariamente la conexión a la puesta a tierra de servicio?,Al final del patio,Lo más próximo posible al empalme,Dentro de un baño,Solo en el poste,B,El punto 6.4 indica que la conexión se efectuará lo más próximo posible al empalme o al punto de unión de salida.
280,RIC 06: Secciones,¿Cuál es la sección mínima del conductor de puesta a tierra de servicio que une el tablero con el electrodo?,"1,5 mm²","2,5 mm²","4,0 mm²",10 mm²,C,Los puntos 6.6.2 y 6.6.3 especifican que la sección mínima de este conductor será de 4 mm².
281,RIC 06: Protección,¿Está permitido intercalar dispositivos de desconexión o fusibles en el conductor de tierra de protección?,"Sí, para mantención","Sí, de 32 A","No, está prohibido",Solo en hospitales,C,El punto 7.6 prohíbe explícitamente intercalar dispositivos de desconexión o fusibles en estos conductores.
282,RIC 06: Electrodos,"Si se utilizan varias barras verticales, ¿qué distancia mínima debe haber entre ellas?",1 metro,3 metros,El doble del largo de cada una,Diez metros,C,"El punto 8.3.2 indica que si se requiere más de una barra, la distancia mínima será el doble del largo de las mismas."
283,RIC 06: Electrodos,¿Cuál es la sección mínima para conductores desnudos de cobre utilizados como electrodos?,10 mm²,16 mm²,25 mm²,50 mm²,C,"Según el punto 8.7, los conductores desnudos usados como electrodos tendrán una sección mínima de 25 mm²."
284,RIC 06: Tiempo,"En el dimensionamiento de conductores de tierra, ¿cuál es el tiempo máximo de exposición a la corriente de falla?","0,1 segundos","0,5 segundos","1,0 segundo","5,0 segundos",B,"El punto 8.8 establece que el tiempo de exposición para el cálculo nunca podrá ser superior a 0,5 segundos."
285,RIC 06: Medición,¿Cómo se denomina el método reglamentario de medida de tierra que utiliza electrodos auxiliares?,Método Wenner,Método Schlumberger,Método de la caída de potencial,Método de la pinza,C,El Anexo 6.3 describe el método de caída de potencial (o del 62%) como el estándar para medir la resistencia.
286,RIC 06: Calibración,¿Qué antigüedad máxima puede tener el certificado de calibración del instrumento de medida de tierra?,6 meses,1 año,2 años,5 años,B,"Según el Anexo 6.3 punto 1, el certificado de calibración no debe tener una antigüedad mayor a 1 año."
287,RIC 06: Resistividad,¿Cuáles son los métodos normales aceptados para la medición de la resistividad del terreno?,Wenner y Caída,Schlumberger o Wenner,Solo Wenner,Pinza y Caída,B,El Anexo 6.6 especifica que se aceptarán las configuraciones tetraelectródicas conocidas como Schlumberger o Wenner.
288,RIC 06: Instrumento,¿Qué resolución mínima debe tener el geómetro (telurómetro) utilizado para las mediciones?,1 Ohm,"0,1 Ohm","0,01 Ohm",Sin resolución,C,"El Anexo 6.3 exige instrumentos con una resolución no mayor de 0,01 Ohm."
289,RIC 06: Materiales,¿Cuál es el diámetro mínimo para una varilla de acero galvanizado destinada a electrodos profundos?,10 mm,14 mm,16 mm,20 mm,C,La Tabla N°6.1 indica que las varillas de acero galvanizado para electrodos profundos deben tener un diámetro mínimo de 16 mm.
290,RIC 06: Continuidad,¿Qué superficie mínima de contacto debe asegurar la unión entre dos elementos del SPT?,1 cm²,Igual a la del elemento menor,El doble del cable,No importa,B,El punto 5.6.5 exige que la superficie de contacto sea al menos igual a la del elemento de menor superficie que compone la unión.